,byte_0,byte_1,byte_2,byte_3,byte_4,byte_5,byte_6,byte_7,byte_8,byte_9,byte_10,byte_11,byte_12,byte_13,byte_14,byte_15
0,33,82,103,75,92,23,172,145,213,124,251,43,206,15,249,48
1,55,130,57,222,127,71,142,120,249,113,254,215,57,85,7,140
2,121,117,76,132,133,152,111,44,5,205,155,243,24,31,173,228
3,128,197,73,65,53,23,182,63,195,186,247,219,243,69,215,135
4,9,131,97,179,4,74,160,58,93,144,248,234,151,214,2,21
5,218,13,125,242,156,96,147,126,133,225,93,237,0,47,177,217
6,27,0,143,152,162,177,116,49,145,62,249,10,223,248,88,49
7,49,48,98,43,197,224,86,25,182,50,252,181,74,62,102,140
8,45,125,189,125,65,23,73,40,197,236,251,41,39,26,173,77
9,65,135,66,150,38,126,17,108,88,9,55,137,207,133,150,9
10,130,122,84,60,44,207,242,31,100,102,212,165,174,78,60,97
11,11,57,108,175,251,2,220,27,254,61,213,181,82,223,103,239
12,157,213,215,19,193,182,0,119,181,112,109,237,50,224,78,194
13,222,200,233,184,199,7,226,42,193,205,9,9,17,169,244,25
14,104,135,0,43,151,58,204,38,91,164,10,25,181,58,31,167
15,241,69,24,157,102,110,182,33,245,122,11,40,89,203,74,53
16,7,117,234,48,136,157,152,9,26,111,14,212,196,17,88,145
17,0,156,248,9,198,12,113,116,152,81,70,252,222,19,121,179
18,8,237,246,198,118,140,183,136,86,62,162,228,185,57,163,86
19,30,29,200,89,153,187,153,111,122,50,165,143,36,127,178,177
20,167,219,223,203,104,238,131,107,20,9,166,159,200,16,220,63
21,117,63,173,145,194,59,92,11,171,131,69,87,111,142,102,101
22,254,254,197,3,145,110,70,6,69,90,69,103,19,31,145,243
23,63,241,215,169,152,191,40,185,81,183,226,131,242,232,55,75
24,14,85,165,111,242,13,1,89,232,49,128,59,152,102,193,112
25,74,254,27,35,124,206,174,198,209,224,144,192,241,122,27,139
26,211,188,50,150,75,1,153,193,107,183,145,208,149,11,69,24
27,233,236,5,40,110,48,122,169,144,171,148,123,1,81,84,116
28,227,19,18,1,172,159,83,20,14,142,204,164,26,83,117,150
29,108,210,42,116,123,210,61,16,168,101,205,180,190,228,160,36
30,185,200,222,132,182,108,114,199,98,245,199,67,156,247,41,94
31,137,82,250,195,78,129,101,11,138,70,44,71,5,80,216,34
32,203,69,12,105,84,210,71,190,150,162,201,99,228,25,126,122
33,95,7,198,70,88,78,133,190,223,172,39,230,134,244,140,235
34,160,250,216,236,94,159,102,113,235,9,196,2,101,190,50,67
35,39,147,161,229,240,10,54,201,243,9,254,199,70,116,54,50
36,61,195,116,120,18,58,24,177,24,253,1,114,178,186,69,142
37,126,182,134,30,25,139,250,100,36,90,157,142,145,131,235,230
38,192,169,153,196,31,220,219,24,48,183,58,170,111,76,145,62
39,145,50,181,3,183,241,206,91,88,8,159,174,216,165,65,2
40,210,37,199,168,189,66,176,14,100,100,59,202,183,110,231,90
41,230,48,76,194,162,169,120,83,248,130,120,42,96,218,207,22
42,39,35,94,104,169,250,89,6,3,223,20,70,63,163,117,110
43,245,135,44,46,3,72,50,166,154,89,179,254,229,33,255,147
44,55,122,62,212,9,153,19,89,166,182,79,26,196,234,165,235
45,77,170,17,102,44,200,245,65,203,170,82,197,47,48,179,71
46,214,104,40,217,251,251,224,60,101,129,83,213,211,193,222,213
47,23,91,59,127,1,76,193,240,113,222,240,241,178,138,132,45
48,223,191,135,96,224,107,56,28,190,172,127,14,4,89,230,222
49,245,239,90,243,2,154,26,4,227,161,130,185,111,159,244,58
50,55,226,109,153,9,235,252,183,239,253,31,213,78,104,154,146
51,120,213,127,63,15,60,221,107,251,90,187,241,45,49,64,234
52,71,57,77,5,105,137,182,11,145,212,90,169,211,175,202,15
53,93,105,32,151,140,184,152,242,182,201,93,85,63,245,216,106
54,158,92,50,61,146,9,121,166,194,37,249,113,30,190,126,194
55,223,79,68,227,153,91,91,89,206,130,150,141,253,135,36,26
56,174,179,18,169,243,168,52,249,101,252,52,69,163,6,174,63
57,239,166,37,79,249,249,21,172,113,89,209,97,130,207,84,151
58,8,251,69,90,90,240,17,56,39,36,154,88,176,239,137,145
59,73,238,88,0,96,65,243,235,50,129,54,116,143,184,47,233
60,210,172,111,115,47,116,221,230,204,88,55,131,51,73,89,119
61,91,107,134,229,254,167,199,226,102,46,56,147,215,218,132,5
62,157,94,153,139,4,248,168,149,114,139,212,175,182,164,42,93
63,120,235,87,53,209,86,239,221,73,15,151,38,29,71,189,4
64,186,222,105,218,215,167,209,144,85,108,52,66,252,16,99,92
65,251,209,123,128,222,248,178,67,97,201,208,94,219,217,9,180
66,72,200,48,145,25,146,231,251,27,88,203,238,184,237,145,239
67,22,44,254,87,115,223,192,155,178,211,105,166,94,107,27,20
68,159,234,21,201,66,19,170,150,76,169,106,182,2,252,70,162
69,225,221,39,111,72,100,140,74,88,6,7,210,225,197,236,250
70,106,156,63,225,23,151,118,69,242,221,7,226,133,86,23,136
71,243,90,86,84,230,202,96,64,140,180,8,241,41,231,66,22
72,191,153,214,161,3,79,31,61,145,87,224,94,13,139,165,156
73,213,201,168,51,37,126,1,37,182,76,227,9,120,208,180,248
74,94,135,191,166,245,177,236,32,80,34,228,25,28,97,222,134
75,159,122,210,76,251,3,205,211,92,127,128,53,251,43,132,222
76,40,56,233,190,202,54,183,207,246,86,129,69,159,187,175,108
77,177,247,0,48,153,105,161,202,144,45,130,84,67,76,218,249
78,185,71,254,237,73,232,232,221,77,25,222,60,30,115,4,157
79,66,6,21,96,24,28,210,217,231,240,223,76,194,4,47,43
80,203,196,44,210,231,79,188,212,129,199,224,91,102,149,90,185
81,155,78,72,17,127,100,175,23,169,24,69,95,207,237,10,125
82,221,65,91,183,133,181,144,203,181,116,225,123,174,183,176,213
83,102,255,114,41,84,232,123,198,79,75,226,138,82,72,219,99
84,176,208,216,193,82,186,150,218,121,4,22,207,108,129,61,255
85,57,143,240,51,33,237,128,214,18,219,23,223,16,18,104,141
86,194,77,7,166,240,32,106,209,172,178,23,238,180,163,147,27
87,75,11,30,24,191,83,85,204,70,137,24,254,88,52,190,169
88,26,112,236,222,25,160,46,108,221,3,183,182,254,178,71,206
89,22,189,72,48,148,215,32,123,236,188,181,42,219,142,143,143
90,44,236,26,195,183,7,2,99,17,177,184,213,70,212,157,234
91,109,223,45,105,190,88,227,22,29,13,85,241,37,157,67,66
92,246,158,68,219,141,139,206,18,183,228,86,1,201,46,110,208
93,69,185,70,100,6,237,29,109,3,75,22,220,105,28,29,169
94,206,120,94,215,213,32,7,104,156,33,23,236,13,173,71,55
95,16,107,112,125,219,113,232,27,168,126,180,8,236,118,238,143
96,153,41,135,239,170,164,211,23,66,85,180,24,144,7,24,29
97,34,231,158,97,121,215,189,18,220,44,181,39,52,152,67,171
98,171,166,182,212,72,10,167,13,118,3,182,55,216,41,110,57
99,121,10,132,154,162,87,128,173,13,125,84,239,126,167,248,94
